Title,Company,Location,Link
Senior Fullstack Software Engineer,Blotato,ğŸŒ Worldwide,https://remoteok.com/remote-jobs/remote-senior-fullstack-software-engineer-blotato-1093150
Senior Full Stack developer,Ringbook,ğŸŒ Worldwide,https://remoteok.com/remote-jobs/remote-senior-full-stack-developer-ringbook-1093206
Full Stack Software Engineer,Daisychain,ğŸ’ƒ Latin America,https://remoteok.com/remote-jobs/remote-full-stack-software-engineer-daisychain-1093170
Javascript Fullstack Engineer Senior,Lumenalta,ğŸŒ Worldwide,https://remoteok.com/remote-jobs/remote-javascript-fullstack-engineer-senior-lumenalta-1092919
Mobile App Developer,CrazyGames,ğŸ‡ªğŸ‡º Europe,https://remoteok.com/remote-jobs/remote-mobile-app-developer-crazygames-1093117
Senior Software Engineer,Contra,ğŸ‡¨ğŸ‡¦ Canada,https://remoteok.com/remote-jobs/remote-senior-software-engineer-contra-1093088
Senior Full Stack Developer,Zammad,ğŸ‡ªğŸ‡º Europe,https://remoteok.com/remote-jobs/remote-senior-full-stack-developer-zammad-1093045
Web Developer,Contra,ğŸŒ Worldwide,https://remoteok.com/remote-jobs/remote-web-developer-contra-1093019
Administrative Executive,Prime Design & Build,ğŸ’ƒ Latin America,https://remoteok.com/remote-jobs/remote-administrative-executive-prime-design-build-1092987
Senior Software Engineer,Emergent Software,ğŸŒ Probably worldwide,https://remoteok.com/remote-jobs/remote-senior-software-engineer-emergent-software-1092940
Full Stack Developer,Incyte Studios,ğŸ‡ºğŸ‡¸ United States,https://remoteok.com/remote-jobs/remote-full-stack-developer-incyte-studios-1086821
Senior PHP Laravel Developer Full Stack,Interaction Design Foundation,ğŸŒ Worldwide,https://remoteok.com/remote-jobs/remote-senior-php-laravel-developer-full-stack-interaction-design-foundation-1084150
spoke person,labs ai,ğŸŒ Worldwide,https://remoteok.com/remote-jobs/remote-spoke-person-labs-ai-1087588
Senior Data Engineer,Soda Data,ğŸ‡ªğŸ‡º Europe,https://remoteok.com/remote-jobs/remote-senior-data-engineer-soda-data-1087414
Sr Software Developer PHP MySQL,LendingWise,ğŸŒ Worldwide,https://remoteok.com/remote-jobs/remote-sr-software-developer-php-mysql-lendingwise-1087580
React Native Developer,Private.Ki,ğŸŒ Worldwide,https://remoteok.com/remote-jobs/remote-react-native-developer-private-ki-1075396
Intermediate Angular Developer,Revelator,ğŸ‡ªğŸ‡º Europe,https://remoteok.com/remote-jobs/remote-intermediate-angular-developer-revelator-1058054
Senior Software Engineer Backend,Coinbase Developer Platform,ğŸ‡ºğŸ‡¸ United States,https://remoteok.com/remote-jobs/remote-senior-software-engineer-backend-coinbase-developer-platform-1081525
Developer,Stoneridge Software,"Minneapolis, MN",https://remoteok.com/remote-jobs/remote-developer-stoneridge-software-1069448
Full Stack Engineer,ResumeDive,ğŸŒ Worldwide,https://remoteok.com/remote-jobs/remote-full-stack-engineer-resumedive-991115
